Time,X,Y,Heading,ProjectedX,ProjectedY,TurretTarget,TurretActual,ShooterTarget,ShooterActual,ShooterPower,TOF
1788791014850,6.600016195943037,11.700022539754553,2.851302269846201E-6,4.561645353992555,11.700238774611353,43.54772059212763,43.53964582942473,1837.2502530677057,280.0,1.0,0.9022990476412847
1788791015141,6.599826962929073,11.702695831539124,3.944304771721363E-4,4.55154017537669,11.687339443760962,43.43210246597612,43.543429323775435,1837.3199946053433,680.0,1.0,0.9022993203120094
1788791015419,6.6550241305133495,11.67087584968627,-0.004830199293792248,5.020423243950537,12.275532632042788,44.6174645014828,44.56441946932685,1839.7194678678768,1020.0,1.0,0.9022641222435591
1788791015668,6.60285228819359,11.702955351101131,1.8131121760234237E-4,4.661925747573703,11.847913430554387,43.68018868354511,43.56428444353439,1837.2505367656813,1240.0,1.0,0.9022615868733379
1788791015927,6.602992861289678,11.699229563315082,-6.543342606164515E-4,4.609689809892472,11.767774268243596,43.45962932637361,43.386039985730804,1837.3117935054215,1500.0,1.0,0.9022950856313223
1788791016196,6.602191474494033,11.700972910002461,-3.9741015643812716E-4,4.552701059158751,11.685452930092389,43.71147787308911,43.779027137025814,1837.1631100691027,1660.0,1.0,0.9022907800708988
1788791016451,6.603321465920276,11.702644167922614,-1.509949070168659E-4,4.511312180361133,11.623281269868016,43.7707341199266,43.49751441581954,1837.1270793668887,1800.0,0.8056544935690089,0.9022906944042701
1788791016726,6.603461438276637,11.702832800196852,-1.2140357284806669E-4,4.6603220688180915,11.844883098473455,43.460781840550766,43.60639267850182,1837.3174932941022,1860.0,0.7455582438640287,0.9022924569899443
1788791017010,6.602000439260888,11.700636495755413,-4.4259519199840724E-4,4.47628584861845,11.571810183820467,43.39573539113215,43.508051813743805,1837.355625678446,1860.0,0.7456385873273118,0.9022921379399771
1788791017267,6.601844847671629,11.70039139394685,-4.7838676255196333E-4,4.554616114230784,11.688255116265989,43.3315961319375,43.46137488547664,1837.3933272839613,1880.0,0.7256867448472553,0.9022918905776114
1788791017543,6.60280062457708,11.701804333784448,-2.71092721959576E-4,4.437726929838767,11.514044652320425,43.690121120241656,43.59934666421074,1837.1777275401719,1860.0,0.7455638412164507,0.9022914949972451
1788791017807,6.60273334172767,11.701688991756889,-2.8660858515650034E-4,4.568704998077186,11.708833752877242,43.72549801583616,43.276306477382064,1837.159708310092,1880.0,0.7258320313842189,0.9022930503824402
1788791018070,6.600788747231792,11.698777807040479,-7.137653883546591E-4,4.420359433562876,11.48921700983564,43.66648882282934,43.49659027624104,1837.1998168976704,1860.0,0.7456631372720174,0.9022950887286516
1788791018319,6.600353811669538,11.698119396299829,-8.095953962765634E-4,4.464511545415744,11.555120951120001,43.30890072316914,43.769391280612965,1837.4220786208814,1860.0,0.7454468852131588,0.9022988071663552
1788791018603,6.600854227862021,11.698851097287157,-7.019070326350629E-4,4.415676804167264,11.482191020623794,43.71204488336387,43.57202677951161,1837.177609189152,1860.0,0.7456062207105401,0.9022975246047082
1788791018865,6.601518045260212,11.69980987789124,-5.589484353549778E-4,4.487857576971773,11.589207782824692,43.66544856617492,43.39221450508077,1837.1968970216806,1860.0,0.745742484811067,0.9022933677506793
1788791019130,6.601527657095842,11.699814683809056,-5.582150188274682E-4,4.6508088386023285,11.831490069162207,43.45472905379817,43.75009974850064,1837.327295296516,1860.0,0.7454495268199388,0.9022951700012025
1788791019386,6.600932924766241,11.69891597717766,-6.900213193148375E-4,4.641406066099501,11.817731658526082,43.74958453613267,43.55286627565841,1837.152596434841,1880.0,0.7256240690695935,0.9022964066335946
1788791019661,6.601388886218935,11.69662355437992,-0.0010125639382749796,4.359631087640114,11.396733298429417,44.49344429153757,44.33073825991801,1838.8596973755073,1860.0,0.7477170364461942,0.9023168151763821
1788791019941,6.591227373738928,11.705025500199927,2.254391583846882E-4,4.022357909158509,11.934769700000405,43.65036221072081,43.919120579650645,1837.2177045886156,1860.0,0.7472621493080853,0.9023002164804298
1788791020214,7.290253526582492,12.705896332507999,0.03303717449307442,12.540270763942218,21.61376484609815,40.70486554264488,40.70344465363115,1845.4730887565347,1840.0,0.7732723258969461,0.9008363028263526
1788791020485,10.862980639840675,17.127060777559056,0.035074859857559204,22.533812787570785,33.28219285573144,40.223377420664065,40.51491418197196,1843.9559704768508,1840.0,0.7790071583779138,0.8898885362213904
1788791020762,17.16538917361282,21.770310289277806,0.3096019923686981,35.249439681537964,32.03217270733303,22.2,24.393920756299963,1900.8058636399553,1860.0,0.8218416860447396,0.8704947165427781
1788791021024,25.606917734221213,26.497850793553148,0.6191455125808716,49.482560316541935,40.41404214858561,22.2,10.820299124108942,1866.6542879608726,1900.0,0.7447017081327759,0.8432724523898543
1788791021322,38.25069878045029,34.220417653481796,0.6440972685813904,62.17941776786648,48.185326735818855,22.2,14.166092697666386,1769.5903880211413,1800.0,0.7280082574836114,0.7943602443902019
1788791021581,51.593647153358766,40.92877245324803,0.5746468305587769,73.12123439918602,49.18332299279433,26.141987261842246,23.02483425641873,1743.0322196343475,1760.0,0.715608365279981,0.7038290053706799
1788791021826,62.223376176488685,43.25520192544292,0.019270386546850204,83.72961656454467,44.11030636654058,67.00543261378664,62.7914567960151,1761.7209594674994,1780.0,0.71387657392349,0.6145887033329535
1788791022090,75.02191979115403,41.39019823449804,-0.21672457456588745,110.4539351645442,34.34872393460573,83.95736959968714,81.50800832226726,1807.5287355485543,1780.0,0.7921353648453192,0.6222070136476041
1788791022351,88.64771084522638,39.19866847241019,-0.21174481511116028,126.06929231784181,31.46202806436088,93.11187069400864,90.17495331815522,1761.2467319195093,1800.0,0.7000467934539587,0.6680999061602243
1788791022645,105.79774390994095,34.24908495324803,-0.19461184740066528,143.0748159668463,21.928279081963318,100.32298257160936,100.37356473918247,1757.9750128383546,1820.0,0.6807602583026605,0.7515240634377706
1788791022923,121.01108821358268,29.17314664585384,-0.17284849286079407,160.56218448316733,17.98017463126662,91.5538909974038,92.8263064623915,1738.3391266204378,1800.0,0.673932242060802,0.7433886108081869
1788791023182,128.98307740218996,26.65449007289616,-0.039187535643577576,115.21988677646347,24.359471012423622,85.76849921465285,87.81695567161681,1782.4783034029758,1780.0,0.6850354251153496,0.7165732225446939
1788791023462,121.7947892316683,26.12478421429011,-0.0067846206948161125,92.07637495173859,22.887340973571806,70.79634810409779,72.67443630770464,1879.9457758120013,1760.0,1.0,0.7295217366826314
1788791023720,111.6202863558071,22.77721254844365,-0.011551485396921635,89.36576782048506,5.797327382291311,69.29599945994839,67.31620424017262,1973.3993380699314,1840.0,1.0,0.7555393447179132
1788791023990,106.6729399913878,15.786580964336245,-0.006449968554079533,89.02560160280379,-5.26318210160882,71.9298462815705,72.30153860443578,1925.9421712755409,1900.0,0.8279951413555898,0.7645876867148633
1788791024268,97.12064007135827,10.356621929979699,0.016701001673936844,61.41773567977506,6.807385117047476,60.499854165659656,62.40810991253579,1963.3372171173692,1920.0,0.8498266007109213,0.763844702111237
1788791024546,82.85988634965553,10.565823532464936,-0.01393111702054739,33.65019356526002,11.296366362672659,54.454478400439584,54.70511062127782,1961.9330580459834,1880.0,0.890289965339726,0.7604368515173319
1788791024822,65.80402524452509,11.036422609344243,0.005599457770586014,9.792508297992107,11.197114678984704,45.33451535262759,46.995059298421666,1846.1722985847236,1760.0,0.8755745874041472,0.7735040392690049
1788791025102,47.85498431348426,11.162964828371063,0.023605292662978172,-13.016240960385254,13.135290453822007,40.23742838338865,41.04085305207127,1813.6219104533618,1820.0,0.7533925904882649,0.8182333844520308
1788791025346,30.346619613527313,11.479284331554503,0.017616452649235725,-20.749515433170632,12.417202006521753,37.654263022287466,36.6282404331821,1792.8348827007208,1840.0,0.7006096392713238,0.8587990833938617
1788791025601,22.060674231822098,11.629081185408467,0.003774487180635333,9.210620590207158,11.953432735164808,43.15079910348743,42.74287036417104,1833.2902769225452,1880.0,0.7109775317027285,0.8737276631769703
1788791025868,21.247945470134106,12.86055076779343,0.013071517460048199,24.3011702915905,22.291334761876293,44.3729668937529,44.59431773096799,1877.9700673805519,1860.0,0.7972271908357333,0.8755104153233912
1788791026146,25.405232587198572,17.198701392947218,0.02006162516772747,39.515915282976735,30.17937959470478,46.32934475190734,45.98677771874907,1931.5384014244726,1860.0,0.8642128194303231,0.8604013515362331
1788791026402,32.271012433870574,21.760455754798226,0.03897954523563385,53.7061800810754,34.56431303539773,48.17791520361686,47.408846140651406,1911.0056077038337,1920.0,0.8005030487584361,0.8363657827632671
1788791026650,41.43247108759843,25.716197096456696,0.06563971936702728,71.11483976152323,32.814333964707174,52.67541242380912,50.957370777171946,1891.5926013648316,1920.0,0.7335379630229177,0.806379711913269
1788791026924,54.189159964013285,28.407304418368604,0.17609547078609467,83.02643816047048,38.19787980411648,48.29727360992183,53.29817245784085,1821.0600105837107,1940.0,0.0,0.7827186549925043
1788791027195,64.61878018116388,33.86613260103962,0.5552835464477539,84.01504737475913,46.583061542641616,26.962597399996014,25.47982187745413,1759.1434934887436,1800.0,0.7114197206785351,0.7627979761766029
1788791027478,76.65935366172491,42.44235301580955,0.5908628702163696,94.46876296287044,55.89995961079278,30.684187228217297,30.8562395124751,1673.4993247572083,1760.0,0.6334816919744934,0.6626557208534384
1788791027755,90.33529927411418,51.64186973271408,0.6172433495521545,104.12585295495546,59.72515210909471,33.76081805884809,32.18404867597167,1611.4187794906782,1660.0,0.6322141786125446,0.5066653710514745
1788791028060,105.1399963859498,58.08553380290355,0.24970325827598572,113.5761274815014,60.86843245766694,66.00303113078024,57.415561751836094,1606.8301294886853,1660.0,0.6278883193562917,0.3260842680631761
1788791028344,115.6216935285433,61.00397064929872,0.0990632176399231,116.92329752521113,61.585693829028436,71.55441090751577,71.08953208772834,1601.2546411203764,1660.0,0.6182383070005644,0.23808804081356388
1788791028590,119.37862366203248,61.164041353961615,0.08680610358715057,122.28202580448422,61.24637411011961,73.46434862147976,71.47611545362639,1605.7659056393998,1640.0,0.6456734659365507,0.22527533404216354
1788791028868,125.91713252030021,61.24709241972195,0.10392405092716217,126.23804473917065,61.26833461189695,75.74593705154177,75.55387820120512,1605.1253888055546,1620.0,0.6654964979227329,0.21887230291475687
1788791029184,130.8276655542569,61.02387676088829,0.16399741172790527,131.4254813593926,58.45944657770328,74.21111195344139,80.18815613221864,1610.4017290702352,1580.0,0.7016527100327248,0.21065967662216595
1788791029483,130.67355899360237,56.780467596579726,0.18972960114479065,127.62181966316732,46.73017742207743,73.72872718072097,75.37236247921788,1672.3994169056039,1600.0,0.7555806021655015,0.2827727384269263
1788791029731,129.78497362512303,51.08214851439469,0.2379521280527115,124.6974869618976,30.933493380550377,69.61807335984128,69.62541813170526,1760.9099572759699,1640.0,1.0,0.38533026068277254
1788791030003,124.95937077079233,44.21815887210876,0.280221551656723,100.12074979101587,34.3048205113048,59.35163192896317,63.84051326461372,1842.4888258711599,1700.0,1.0,0.5379459699575638
1788791030283,114.86920214074804,41.942441444697344,0.2965160608291626,81.11040948928742,34.10823924035365,47.00354418661897,49.41758115274615,1832.9096778177561,1760.0,0.8224092613957589,0.6188892902680948
1788791030564,101.24281034694881,36.93820262518455,0.35907989740371704,64.33583502981195,20.224020239263524,37.75816772088325,39.80972020833224,2044.4128562412259,1840.0,1.0,0.7294369306174066
1788791030831,88.54624830831692,30.590599240280515,0.36560866236686707,51.52961883789588,12.657103269609348,35.34741294920343,35.573355008848466,1985.839093724292,1940.0,0.8668159560972559,0.7561026316250131
1788791031105,74.75334107406496,23.401337871401328,0.3646225035190582,25.75079042708527,2.5041156439389667,32.51109725680453,33.058532851340715,1911.732297737589,1960.0,0.7817621028854423,0.7541581643794271
1788791031366,60.70493683101625,18.013371745432455,0.3833127021789551,20.852971061699158,11.047842052181803,26.752458038058762,27.79918700033977,1859.9786242475077,1840.0,0.8014962240468829,0.7766624311464618
1788791031624,56.32204070804626,18.24946966696912,0.4055480360984802,61.96427172769745,22.003070200453735,31.201024965866964,32.55617987636407,1999.1348009871701,1700.0,1.0,0.7931393242412484
1788791031891,62.469189260888285,21.318551611712596,0.4404238164424896,80.0683775960947,33.718144913226986,36.01251562722513,36.158661915488324,1901.0070550516814,1640.0,1.0,0.7787640199740247
1788791032167,71.53708150067668,27.7833953617126,0.4488801062107086,90.94206548635702,42.88865017029214,38.237288712841746,38.00526133733547,1789.1716907096832,1740.0,0.8025171093957982,0.7579538097582279
1788791032414,80.50647164892962,34.779425193005665,0.4532430171966553,99.07754816892893,49.48663618147465,42.132742457907625,41.150945569047565,1721.9944252391228,1800.0,0.6616190439806011,0.7523743013059316
1788791032690,90.38536732591045,42.91218915323574,0.46991419792175293,101.20125668289678,55.5236060600202,41.63284373215629,42.17386643372885,1654.0323417637017,1740.0,0.6325580986313613,0.6556200424836034
1788791032950,94.22582431102362,52.21248596671998,0.4559080898761749,92.45222969828511,61.83630153300615,33.45107113670417,33.63874775900348,1578.1707796023497,1640.0,0.6481900226886875,0.4580501056722848
1788791033214,92.18298243725394,60.14979565237451,0.6818201541900635,87.5923505789849,62.5774277434541,22.2,15.027957868386807,1615.845285551985,1620.0,0.6727502017462408,0.28659852405994185
1788791033494,87.33315775713584,62.843536617249015,1.2017996311187744,82.39807077863458,61.11930785470218,337.8,343.18915803279884,1662.80525269382,1660.0,0.6934073903917729,0.23210818416589976
1788791033764,82.5054595226378,61.62917730376477,1.6830112934112549,77.73570180240125,58.33607390785287,310.6271801256395,313.7176291602224,1701.8176374218501,1660.0,0.7584985591712285,0.25626011006089405
1788791034027,76.82824322557825,60.36741241695375,2.1638693809509277,70.1066109764029,55.51751495079438,278.945327570734,282.94535448426274,1725.9478576251497,1720.0,0.7255743576159723,0.27441371111440327
1788791034298,73.45554141547737,56.23531792107529,2.754544258117676,75.90386419049263,49.68389915268807,247.37542793871228,251.44349956733942,1742.85339450523,1760.0,0.7121106186004134,0.339202251541308
1788791034545,77.72272545521653,55.55818332461861,3.0184504985809326,88.09087293174296,56.49817077949887,244.942717108318,244.4725750578269,1680.3874062919467,1760.0,0.6363357521524178,0.3505018520592861
1788791034808,86.00036140501969,57.12804118479331,2.912126302719116,95.77987568207885,58.68649930096136,261.57402194196465,258.0969562971045,1613.9624161467564,1660.0,0.6434096616306553,0.3242617802777518
1788791035064,92.92719803457184,58.65392489696113,2.354977607727051,101.28706365163542,58.377719605929315,300.66881575714876,294.75138686936276,1610.8525459441246,1640.0,0.6527180110787024,0.31118770253307937
1788791035341,99.15357214259352,60.43315256674458,1.670432686805725,103.80128218729898,60.76171191039687,337.8,336.9964805290151,1599.0223708168812,1640.0,0.6391238058987387,0.2925002765122658
1788791035597,103.90414500799706,63.43342458169291,1.11124587059021,105.82459502605926,63.6928327216464,22.2,9.781082972712625,1580.0370023268438,1640.0,0.6090070202359614,0.22772415945879024
1788791035855,109.6199480191929,67.3383865957185,0.7161614298820496,110.99989470078445,67.32694418120553,31.598861707729327,31.167476713161307,1567.2503793054182,1620.0,0.6126656365696055,0.13758201442264792
1788791036130,118.25318343996062,70.19970510888288,0.6413883566856384,118.29869521815903,69.24538344626214,37.59331145636497,37.570599609787905,1553.3364853969065,1620.0,0.5952400805393445,0.065972828177523
1788791036429,125.54297259473427,68.00833634504184,0.502360999584198,125.6675564632969,65.05909292967844,55.23959032907209,51.3661362037119,1574.8390947554192,1600.0,0.6341431629816388,0.08966993956591238
1788791036719,126.20726577878938,62.24156657541831,0.4844176769256592,122.84088515472679,52.19869196325966,51.14410642256098,51.48658050523818,1638.0261687978498,1620.0,0.6919435539181887,0.19090847920303738
1788791036967,125.17762672244096,55.727020023375985,0.6810177564620972,120.51444951014682,37.64780385847541,36.849137660603105,40.76076710426196,1725.7955337498795,1700.0,0.7491435490154603,0.3261446966319007
1788791037285,127.27726493294784,47.92667899544784,0.973322868347168,138.1200533636617,29.739099127474713,28.77727518057759,26.17814378367524,1748.6650826105017,1740.0,0.745634308734168,0.46746425451667944
1788791037534,129.6433240034449,43.84394127552903,1.0926733016967773,124.79268536782875,37.299298734783015,22.2,26.667206609509776,1744.9354584791975,1780.0,0.6787805093964473,0.5674413552725345
1788791037809,129.35608390748033,43.80126953125,1.1093122959136963,129.08074584722573,45.72668735501564,22.2,20.448588912405626,1703.4962979545953,1780.0,0.6502042855059067,0.5887689519108531
1788791038079,129.57225409079726,46.49736058993603,1.0153915882110596,126.85693476486945,47.04718461320579,27.608650172178045,28.942797663538215,1683.7797558974016,1680.0,0.7053006330056828,0.5376390569842161
1788791038374,129.38108429195375,46.64793960691437,0.9952376484870911,128.21384061943414,45.07287411250248,26.577083350290536,26.240256797475524,1697.5928526147763,1700.0,0.7137259628552838,0.5243217800977393
1788791038633,129.40591166338584,46.95244736558809,0.9789291620254517,127.80809780016222,46.37377201941893,28.10789040449845,27.028039153270356,1688.3828774554077,1720.0,0.6853239379173189,0.5225992197957527
1788791038909,128.99043045644686,48.688628429502955,0.840156078338623,125.73603841656472,50.333085627502044,36.504910057008146,33.22872146669789,1668.8841201199468,1740.0,0.6521769692498312,0.49338851024887437
1788791039157,125.4771988035187,49.83349897730069,0.7489745616912842,114.15829958477306,49.66227966273847,34.855822543177965,35.7437048475208,1681.6669714645104,1700.0,0.6880812133014415,0.4664412353371596
1788791039430,118.08625469057579,50.575244332861715,0.7191596031188965,103.52343206948345,51.98625242907859,27.637030466682518,28.650290612568995,1687.8493231368184,1700.0,0.7069581554458972,0.46766100037277303
1788791039703,111.26238965612697,54.05899167999508,0.3869185149669647,103.93249001546356,58.54901488609786,49.026696313934735,47.0674221185285,1625.675761518408,1700.0,0.6238430216223353,0.41023380891656075
1788791039969,105.81686185100887,58.330116572342526,-0.106416717171669,97.85508291863857,59.60023287577496,78.83424325591145,75.71581706201152,1594.3688113186638,1620.0,0.648281637242298,0.29024387964978193
1788791040233,99.95157557209646,56.04130301888534,-0.39532867074012756,89.34976681728801,46.50889978131831,86.53380886494266,86.7098201999751,1721.9795448687487,1600.0,1.0,0.3075339858599499
1788791040494,96.74090528112697,49.064234936331204,-0.40597888827323914,89.13360164571945,26.85937455431765,88.50027587094004,88.76140579467184,1877.4651824109058,1680.0,1.0,0.44871618923992923
1788791040759,95.24421751968505,41.03184497262549,-0.18676041066646576,91.82156278603811,19.56574467298471,71.2411927166602,76.29499733252749,1898.3647005104674,1760.0,1.0,0.6214961941792294
1788791041038,93.54934331938976,31.974655511811026,0.019802510738372803,84.56922322755159,5.388958237720903,65.91758356750807,66.43066672685643,1974.3633287563657,1840.0,1.0,0.7563569765401587
1788791041295,90.28899906188484,22.96731062761442,0.06149062514305115,74.67297051020869,0.6978841441092491,61.8992455882003,63.407083372554496,1944.161792109354,1900.0,0.856355177190702,0.7580018790807748
1788791041561,83.4495436300443,17.754052830493357,0.0742572620511055,69.1649146773103,12.934956399515748,56.499106791393274,56.38189732796792,1986.1960847885412,1960.0,0.8481415122360332,0.7577985204690548
1788791041827,81.5298293706939,17.441824364849904,0.07862762361764908,78.9649363402077,17.26170686851224,58.774086615400336,58.69310405640704,2001.6297322015612,2000.0,0.8549694345466365,0.7572911988849521
1788791042074,81.62452517531987,17.44036576879306,0.07586785405874252,79.99309558613957,17.169478927656783,60.064337846310025,59.968196290886794,1990.7777397445118,2020.0,0.792736845203505,0.7573051089896138
1788791042334,78.79355122723918,17.334851843165602,0.07653827220201492,57.75482559926672,16.01847894904521,53.29938001786854,54.925947037837204,1989.8240367111302,2020.0,0.8261578948110674,0.7567203015120607
1788791042617,68.8067626953125,16.612990972563978,0.06233222410082817,31.89286358996906,15.748706026821798,47.68999214952328,47.76920824838339,1942.039563893649,2000.0,0.7670210260496974,0.7639658429021023
1788791042877,61.63306048535925,16.199871874231054,0.05591505393385887,50.498880035067586,14.520357555320409,50.830196572274815,50.14731428228498,2013.3158275295855,2020.0,0.8068054894270362,0.7822619203493295
1788791043212,60.44004425289124,16.12954928180364,0.06288902461528778,58.30261006005683,15.825121013461771,52.90794933150096,53.08217374396207,1992.0129027796509,2040.0,0.7836511250209728,0.7857177430772242
1788791043522,60.46864426980807,16.12857007604884,0.06132414564490318,58.467924171507946,16.731941567458954,53.55462389046511,53.38536089618219,1991.090581818519,2040.0,0.779125818339872,0.7856765367855295
1788791043786,64.39545398622047,16.26243170790785,0.08033205568790436,84.32149552044501,16.140241296991654,59.52503508841937,58.051614700072435,1982.9103791298207,2000.0,0.8706499069181595,0.7797314068430194
1788791044080,74.28155853992372,16.726971723901944,0.06459272652864456,87.99909449900096,19.717410659400922,65.86307596342846,65.98743480557101,1898.409837583364,1980.0,0.7084244636953644,0.7567144338570582
1788791044342,72.051872193344,17.07775806817483,0.010574443265795708,50.18565761819406,17.567305396021045,55.176644838961465,55.49924303751618,2018.651107311163,1820.0,1.0,0.7577820890789133
1788791044596,61.99788251261073,17.302041842242865,-0.008324697613716125,20.412394935409466,16.763006145301727,48.07185706975558,48.44051739548606,1886.7212567745923,1740.0,1.0,0.7783316395394674
1788791044860,47.664876622477856,17.447090449295644,-0.012247097678482533,-3.904551165875418,17.19180505561591,42.8413186299164,43.21734146413404,1820.0969490336474,1700.0,1.0,0.8059488681745828
1788791045126,30.813759631059302,17.661916177103837,-0.006975390482693911,-28.822578024578256,19.212118717731066,37.57601069163452,37.508773185691894,1790.832356649159,1780.0,0.7609900988332707,0.8426953925611872
1788791045403,12.594375009611834,17.782314030204233,0.03871680423617363,-37.604407392515114,17.69125505324623,31.064295454037335,32.96041726445878,1773.9124856763033,1820.0,0.7002985461959238,0.8791968772896763
1788791045689,8.640142125407541,20.228922686238928,0.5497500896453857,9.114775114375908,22.02290288787495,22.2,3.5939011608014653,1823.1662513432684,1820.0,0.7524847170920677,0.8904859129654904
1788791045959,8.77733906423013,20.271385373093015,0.5503037571907043,5.948967787913606,18.652607233179907,22.2,10.853886796665336,1834.2094353017717,1860.0,0.7415753134457113,0.8888228467566524
1788791046217,9.140155822273314,20.51188551534818,0.5454501509666443,13.24437425271105,24.247530923782726,22.2,11.606450557845562,1842.0311049677064,1860.0,0.7517740784688616,0.8883059500620314
1788791046482,13.173101229930486,23.659937100147637,0.7960239052772522,27.010258446520965,35.65078551634232,337.8,353.6749777252164,1852.3686583525855,1820.0,0.8033489450472906,0.8762265278166049
1788791046730,16.86351265494279,26.779811588797983,1.5965238809585571,23.499889769728604,30.27711769831803,296.0076131920746,302.25418230877443,1862.7661512025636,1840.0,0.7936420757910206,0.8594121477922624
1788791047009,17.673852875476747,26.973977877399115,2.5616729259490967,17.29104037801788,14.611882691176543,247.62821559965846,248.8334511474328,1864.3714693027075,1880.0,0.7654597679299618,0.8494235733988195
1788791047257,15.793835497277929,22.607436292753444,3.0473852157592773,7.663865539229597,4.61985412757857,223.32564212451456,224.4109784256449,1846.7026745435335,1900.0,0.7208331468714861,0.8582687323720324
1788791047518,12.165825310654528,16.280602883166218,3.1389007568359375,1.0917208195843529,-2.4930662533897987,225.68396885312256,226.05757984483802,1838.8379811861269,1880.0,0.7349971959016837,0.8727442281392579
1788791047776,10.382178599440207,15.683883306548351,2.9340786933898926,16.21172945188483,16.1356158947729,236.18420155445912,237.83963835753377,1851.3020057615388,1900.0,0.7025548407638355,0.8837683312678546
1788791048036,10.243465393546998,15.755624846210631,2.938394784927368,7.627006389882731,15.64735168218509,235.62568765834976,236.38923905892784,1850.190342861642,1900.0,0.7351476887135804,0.8828912765619601
1788791048291,9.68485133854423,16.207002654789,2.967277765274048,13.624171200024053,18.71340098009774,233.57720279735548,233.07519738396323,1846.0079504438245,1880.0,0.7359149614665043,0.8839973599948199
1788791048611,11.943886824480193,20.22175946573573,3.041536331176758,26.543724301747712,34.20416962296753,227.06045340062406,228.21438374898725,1839.723889501553,1880.0,0.7334657099699677,0.8762518113834936
1788791048879,18.310214065191314,22.734908456877463,3.087287187576294,38.81189792269822,24.285038046449458,232.44952931825617,230.8949249756933,1983.485779598694,1900.0,0.8414283134899063,0.857727706873419
1788791049165,18.77442727877399,21.785155769408217,3.0837419033050537,5.599748003574481,16.297928590628413,227.01773173558996,228.46947259992638,1848.844133205764,1940.0,0.7052767121508391,0.8521997665641705
1788791049435,11.905034583384598,21.257624588613435,3.1150283813476562,-9.813230498877557,30.56561694102549,219.13678267954788,221.34380146097772,1799.4451341973427,1840.0,0.7295277547062677,0.8669045759878846
1788791049706,7.748670803280328,26.76719605453371,3.09464693069458,9.619663012420554,44.193980449059,217.93310514222475,215.33111580775488,1788.5981564565373,1800.0,0.7357262271992807,0.8744828866456913
1788791049954,8.356505266324742,34.59911676842397,3.0818488597869873,14.407934021846685,53.5333948514032,215.1240686292295,216.92953468143094,1774.126725410308,1820.0,0.7064466041058715,0.863814191500507
1788791050211,11.648463451956202,42.19484824833908,3.112093687057495,23.446490306572215,52.82912899294115,216.45762775057509,215.17177379956624,1775.5897552472468,1840.0,0.6789204438043615,0.7370152710552432
1788791050509,20.904137318528544,46.08536367341289,3.1393327713012695,42.5507771095248,48.91838787615977,222.80043264824917,221.20916097901173,1790.7239623203702,1840.0,0.698529493284081,0.605351868474862
1788791050758,31.403726893147144,47.69693690022146,-2.8456268310546875,46.6910000127473,52.47472119985691,204.72406771698164,211.77469945483813,1777.4145222742654,1840.0,0.6939045599650068,0.540827578335729
1788791051044,42.15348371370571,53.018073134534944,-2.6381733417510986,53.97973306270769,60.468094097862135,194.82659575811178,194.31980406863693,1739.053210844731,1840.0,0.0,0.40544720303766146
1788791051308,51.8953338382751,60.5287566898376,-2.447817087173462,57.68537332759994,65.66617221252858,176.88586245697678,183.4132584617219,1720.311227820719,1760.0,0.687850843688198,0.239552869021172
1788791051565,59.92961252768209,69.81885053980069,-2.304943799972534,61.610618903853265,71.74354166858818,173.49733267474608,173.5975547586492,1699.6242411846997,1780.0,0.637778137233371,0.04252859090203173
1788791051830,68.97988627276082,81.18028535617619,-2.3075788021087646,70.34958495302148,82.69008312928761,172.69620567704666,172.912415958714,1634.1926218103954,1660.0,0.6816717374770863,0.0
1788791052121,76.26438891793799,90.14974278727854,-2.2712676525115967,77.57837427748157,91.7082697409451,167.75393369950405,168.30320097001982,1539.2788832523504,1480.0,0.7155685344819022,0.0
1788791052397,75.53456223855807,86.79248239111713,-2.181408643722534,76.70338689563249,88.46263589047426,164.1598421603586,164.05713322590523,1547.659324583513,1440.0,1.0,0.0
1788791052657,72.74205005075049,79.65093657726378,-2.1534907817840576,73.86379818420976,81.35306610097243,164.72194225423058,164.8489749575786,1605.8614528428286,1520.0,0.7503074843960583,0.0
1788791052920,69.65221495140257,71.32389579232284,-1.963584303855896,70.43249019967026,73.20717334152816,150.17445112702745,157.22907511285632,1689.9894730419096,1640.0,0.757074305340607,0.0
1788791053179,68.77567801888533,68.38055467981053,-1.0111316442489624,67.62867927067799,69.79808830839134,86.02842498486741,94.90953708481607,1695.2847469898052,1680.0,0.7287670193663444,0.032227108400902905
1788791053437,68.53408933624507,67.48696154496801,0.21907967329025269,66.73139882495258,67.32859194823185,22.2,26.39333730821324,1697.6486521164318,1740.0,0.6708830629154924,0.09794974997756374
1788791053714,72.64369213674951,69.85427976593259,0.5289694666862488,72.41906867512732,69.34816674390592,22.2,14.968851064488717,1699.539882269969,1720.0,0.6937646305745834,0.07388620292885055
1788791053962,81.8917053703248,72.70434762549213,0.5299174189567566,80.3319598345812,71.72440546964243,22.2,17.70549959208097,1671.629520064261,1700.0,0.6949716326429347,0.020321794448041545
1788791054266,91.56457615649606,73.88192724993849,0.043519195169210434,89.52798624910116,73.7932405006621,54.67189611120739,44.92035684937821,1578.9689276571462,1660.0,0.6137123483707142,0.0
1788791054521,100.8114119402067,71.36688472717766,-0.21888285875320435,99.04455841173817,71.70626308938533,71.96413676115756,70.54576773118767,1525.4759700565303,1600.0,0.5825347982211554,0.0
1788791054829,112.55788247416339,65.94062865249754,-0.24937278032302856,117.92382490811963,63.66093104331399,85.01262681921597,81.86519663815405,1581.2879373499459,1580.0,0.6499679220799078,0.09001397195382013
1788791055096,126.21158149298722,62.49243067944144,-0.17431145906448364,134.68350414603657,61.447987949245814,92.960100718403,91.97807703906474,1602.556641472517,1620.0,0.6533064700037182,0.17152907224320998
1788791055377,130.74286994032974,60.73278231883613,0.003689463948830962,125.03722957814959,59.78076265301255,82.31187037296922,84.8107420719919,1612.7290307913274,1600.0,0.6933060678694973,0.2101147320665681
1788791055653,122.70654873585137,61.091587336983274,0.03877132758498192,114.22229961320281,62.3053712473901,71.59670564176548,75.09078390801676,1604.8516488380428,1600.0,0.6893494777822418,0.22535655341440142
1788791055927,115.75340451218013,66.00168783833662,-0.007866207510232925,112.30907558698897,68.00845251526957,69.98409088133758,68.27075950424546,1571.7625941653205,1620.0,0.6269416310049104,0.16150973129245585
1788791056217,112.43966650775099,72.71467073695867,-0.48241931200027466,110.63379231705733,73.66038855839726,102.03351686921197,90.4309668898744,1541.2764928427937,1600.0,0.6073469223153117,0.0018071876427049216
1788791056528,111.0608198511319,81.67372816190945,-0.5770371556282043,109.35237153456137,82.78582893972022,97.99148408920841,98.72491008627254,1486.159304125132,1580.0,0.5603849138888864,0.0
1788791056818,109.35069166769193,90.15827809731792,-0.286607563495636,107.39532609002063,90.73456730254233,70.41909334584393,79.22299828093912,1430.8278984069536,1460.0,0.5912806133334624,0.0
1788791057072,108.17228061946359,96.21269646592029,0.2823116183280945,106.21445738583068,95.64481269590465,33.89123401879095,42.41696578810286,1420.895944660068,1460.0,0.571156673753209,0.0
1788791057335,109.90527535986713,101.70765794168308,0.8309990763664246,108.5310312102482,100.20199635698414,337.8,8.261027227748514,1414.549782255753,1460.0,0.5636028652405239,0.0
1788791057603,115.43229230745571,109.31436854084646,0.9356686472892761,114.2228785489202,107.6733681901259,337.8,359.89939019964237,1408.7117957193343,1420.0,0.590008036772299,0.0
1788791057880,121.7467588890256,119.60794283649115,0.9078599810600281,120.49218458380837,118.00120480461143,22.2,358.829026766404,1437.8782052760203,1420.0,0.6236098656983886,0.0
1788791058155,121.39041930671752,123.80055825541339,0.5478026270866394,119.65019389631159,122.73887124344728,22.2,13.531563258206347,1453.0979600962366,1460.0,0.6142490009665614,0.0
1788791058415,122.57426104207678,122.71782341904527,0.6041838526725769,120.89662835649757,121.55975936093955,22.2,11.186919652380254,1453.6085034926168,1500.0,0.573985729819104,0.0
1788791058669,122.1777632105069,122.25375438299704,0.609606921672821,120.5064354246957,121.0866094807782,22.2,12.252793270465418,1451.443725449593,1520.0,0.5512573241645021,0.0
1788791058926,122.5358809824065,119.91015817236713,0.6150042414665222,120.87087696400995,118.73400962344853,22.2,16.08338197208917,1447.6445478471346,1520.0,0.5465193297079308,0.0
1788791059197,123.0157134288878,120.22786778727856,0.5986725687980652,121.33172383420242,119.07906717995309,22.2,17.255968041830897,1448.7607387013084,1500.0,0.5667523206278504,0.0
1788791059471,123.05470864603839,120.98124346395177,0.5359999537467957,121.302073989556,119.94016923446722,22.2,20.0705673282078,1450.8105439636513,1480.0,0.5901486911055106,0.0
1788791059720,122.96298289862204,121.67680394931102,0.4996735453605652,121.17369433971604,120.70006946984996,22.2,21.474578659745816,1452.1781942559617,1480.0,0.5920677508857017,0.0
1788791059990,121.78824357160434,123.25476939283956,0.549231231212616,120.04953666694949,122.19059737192117,22.2,13.656558431444523,1452.5100640546627,1500.0,0.5727803704865022,0.0
1788791060273,122.02162855253445,124.84820989173228,0.6711665987968445,120.42527028565513,123.58045436554987,22.2,3.7020294278425467,1455.853190770355,1500.0,0.5766871264317742,0.0
1788791060567,122.65147291769193,123.13025767408956,0.7584139704704285,121.17165468406483,121.72822280083399,22.2,3.3386731672116525,1454.9089842504425,1500.0,0.5763075917665859,0.0
1788791060835,122.68215389702264,122.53019077571358,0.8078243136405945,121.27338853658944,121.05677842689757,22.2,2.9177229292697575,1453.2531983826755,1480.0,0.5936508461449834,0.0
1788791061107,122.67479123093011,122.58588175135334,0.8046814799308777,121.26140214558832,121.11690418725078,22.2,2.466397932956852,1453.3612164791439,1500.0,0.5739036925679878,0.0
1788791061364,122.64255313422737,123.53749192605808,0.7308580279350281,121.12466719700603,122.17676194844103,22.2,6.195760982689535,1455.1263983435865,1480.0,0.5960178998132608,0.0
1788791061634,121.65825310654527,121.48068405511812,0.6861968636512756,120.08112913591043,120.18907894067758,22.2,9.06326094243019,1449.8162159279084,1480.0,0.5898003600767169,0.0
1788791061917,117.1247635488435,119.34601070374015,0.33453840017318726,115.19925508419657,118.67669691860422,27.526741581002682,24.680684995725187,1436.6741402178052,1500.0,0.5534965411362438,0.0
1788791062165,113.39190145177164,115.78968919168308,-0.17630603909492493,111.38498196279753,116.14723353183665,56.9218342571805,46.236832281812724,1416.7922681432171,1500.0,0.5296833448197695,0.0
1788791062436,111.43849770853839,110.91228815514273,-0.7323838472366333,109.92268976548897,112.27533256754765,89.15172944302803,80.02731333185304,1409.1564417133677,1480.0,0.5326640695838808,0.0
1788791062740,110.31522014948328,104.88532118909941,-1.3600674867630005,109.88881747314201,106.87874651953169,131.1743803487588,123.97440821697387,1414.4258722297163,1460.0,0.559151798032537,0.0
1788791063002,107.69526444082184,99.90342988742619,-1.8812609910964966,108.3180345817374,101.8444917468176,164.0911191659288,157.46588066825697,1413.8050514007807,1460.0,0.5589693922862826,0.0
1788791063307,103.41747854638287,92.68083707554135,-2.31065034866333,104.79180817236342,94.18642063999474,188.745816527855,187.1183042040434,1420.2269626196703,1440.0,0.5860755167129753,0.0
1788791063600,103.80012572281005,83.87435792937993,-2.357492685317993,105.24344710829418,85.31393674577178,193.45039744328676,191.67282131728936,1455.5398082122585,1420.0,0.6402937171363139,0.0
1788791063866,108.14703032726378,76.90816563884104,-2.379929304122925,109.62228501394159,78.31500159226104,200.89256354787048,199.44387181189666,1495.9499038799956,1480.0,0.6420607889612668,0.0
1788791064121,109.7994202140748,68.96631436085138,-2.3697636127471924,111.2668232215639,67.42522263727395,204.29216408541396,203.84911941189768,1540.4831075111592,1520.0,0.6621007536826072,0.0
1788791064410,107.28111927903544,59.00629479115404,-2.347590684890747,95.67260843053498,35.5599211462013,204.17268640614355,204.84981450567057,1782.307213158311,1580.0,1.0,0.20585212996786736
1788791064677,99.01034617987206,51.99668583907481,-2.3340861797332764,83.20307506551065,47.23854032489862,195.8265739946815,197.41718358648345,1763.231818022386,1680.0,0.8566079753199703,0.3768538106792246
1788791064970,89.33236189714566,47.21664789154774,-2.33579158782959,71.9397259859463,27.42016461341391,193.357824944061,192.82748310115994,1881.8590771486868,1740.0,1.0,0.45804121762271327
1788791065279,86.82040477362206,38.13806969349779,-2.506009101867676,92.82934185253583,16.636777868788926,212.47011937501503,209.30798975157836,1915.3157356295415,1800.0,1.0,0.6437066526448835
1788791065594,91.19356891301673,29.2634017824188,-2.557405948638916,109.34266766247566,13.738803969833466,222.29950568264252,220.95936186704563,1885.0570375048133,1840.0,0.8395339320411641,0.7564979280071809
1788791065869,97.53497746985728,23.211006705216533,-2.589937925338745,112.56223571602695,4.6947192365056125,227.84685669906315,227.9255187570974,1861.953954636824,1880.0,0.7503830419308891,0.7602793108339381
1788791066145,99.32357667937993,15.643290121724286,-2.6349613666534424,97.63699942399208,-2.5151376554162823,225.2364986468664,225.47535061491817,1915.6823912089146,1900.0,0.7886867672507565,0.7629956830683653
1788791066439,94.83466681532973,11.78919994924951,-2.867828845977783,88.19153658621815,13.616461391410526,238.74948516098044,240.70199958031236,1963.1882870020154,1900.0,0.8887179554802753,0.7638095652431693
1788791066705,91.96437084768701,13.35000105730192,-2.611339569091797,85.85123358577962,17.949048520598147,213.83775055390342,218.6916421739828,1937.323746495761,1920.0,0.809259898885981,0.7624546789941125
1788791066986,88.53739580770178,16.260091225931962,-2.3386662006378174,83.82988936385257,32.51364272243555,195.35679849340818,197.25115975116205,1919.4061386157814,1920.0,0.831077748340504,0.7604468317259216
1788791067233,88.05076779343013,21.55961404635212,-2.3838961124420166,95.26326460611817,36.59530853714779,199.36187340945415,194.10638139178496,1820.9611502124876,1900.0,0.6943767941883945,0.7587740269290204
1788791067487,90.00578632504923,21.918361393485483,-2.6578378677368164,93.24622395042188,14.486777398207067,225.49036506567487,225.1717709675466,1882.87349105198,1800.0,0.864812269937657,0.7588322238658023
1788791067791,88.00801434854823,16.989718459722567,-2.6587941646575928,76.01578198642488,9.534200689218546,217.52737045309118,220.1221868190646,1960.290305809911,1840.0,1.0,0.7599952826411909
1788791068090,80.08071058378444,13.00527737835261,-2.8368492126464844,58.52769003508618,5.327143380787138,224.44336781842253,224.9947148105488,1961.9163643193444,1920.0,0.8631099311700918,0.7592321884459665
1788791068407,70.84941713828741,15.115582323449805,-2.956674575805664,56.57717726660552,30.44622442959783,223.75964374922705,224.67603945047355,2004.2780963610876,1920.0,0.9788026819156876,0.7566464738052618
1788791068702,68.8338728777067,20.70139967550443,-2.9366819858551025,82.84080416852997,26.914824469249222,226.73978938554995,224.1362373282114,1927.9748597389075,1920.0,0.7827965194344977,0.7579021458937207
1788791069008,77.1469909187377,21.655744417445867,-2.9407947063446045,106.67907286100072,23.44534063057882,241.4181244076631,239.6725113419315,1876.4878002499968,1940.0,0.7241352538207729,0.7553111324486701
1788791069306,89.86603023499016,20.553716224009598,-2.922179698944092,119.07997135790568,11.584167498460166,247.5653575266176,247.62234658103617,1842.2018330979226,1860.0,0.747475455020793,0.7587557965036396
1788791069597,98.46304825910434,14.225982906311517,-2.9115939140319824,113.19460186541036,-5.175454865704992,247.2815790951581,248.817075746455,1854.8022334174468,1860.0,0.7547901750150002,0.7627471536353903
1788791069878,97.87081500676673,11.570891132504922,-2.958994150161743,88.64923198901236,15.720097579244428,239.59863556436957,241.28742089182248,1936.32583168037,1860.0,0.88678355355457,0.7646599263956324
1788791070160,90.07801926980808,12.496563768762304,-3.0013229846954346,65.35206270961416,12.956935687276122,232.88629439096815,233.48171607245428,2004.2359449095159,1880.0,1.0,0.7623031667676436
1788791070408,78.91323299858513,12.250587283156989,-3.0149312019348145,43.38492069703079,13.379238748312218,227.56402448801924,227.84196660161697,1976.9371654459562,1780.0,1.0,0.7593897849738698
1788791070697,63.93880528727855,12.51650832769439,-3.064655303955078,20.829080233685474,13.802132940895564,224.8988643069845,225.67960263531336,1898.0110640406424,1720.0,1.0,0.7637935425280268
1788791070965,48.53802057701772,12.835286057840182,-3.1017825603485107,-1.346288676205539,12.991292243020183,221.39872450898875,222.68037154116382,1825.8141402483852,1680.0,1.0,0.8031251130252405
1788791071222,32.34442042553518,13.232159952479085,-3.126976490020752,-18.56227795702263,15.23963308782966,218.29515144417962,219.54488837621835,1797.952330799904,1760.0,0.7967385571480998,0.8436974822966393
1788791071482,16.774617593119466,14.012692669245203,3.124213457107544,-21.02509399845122,14.173356116087351,219.73590912576577,218.0998359632062,1795.1291855482464,1800.0,0.7411272553523823,0.8703272824983267
1788791071741,11.087021715059057,14.05898807555672,3.1101536750793457,8.666649293288016,13.693215605708314,224.35356620531718,224.4612749110626,1839.1821883176126,1840.0,0.7578156863768133,0.8835778590929788
1788791072015,10.987965741495447,14.075170802319144,3.1128673553466797,13.679221052511808,13.425317451929823,226.86673993510513,226.92477145867235,1856.388390080544,1860.0,0.7768145426624844,0.8839937041385999
1788791072262,10.944222277543677,14.073236420398622,3.11246395111084,12.976280933841572,14.00605079623897,227.03142596469033,226.84512890785092,1856.7884963773645,1860.0,0.7719623160822429,0.8840784472177776
1788791072539,10.945841871847318,14.069833830585631,3.1120848655700684,12.353723476715796,14.056621936119365,226.864589652931,226.1504279543894,1856.2405533618155,1880.0,0.7464628872561444,0.8840714445368025
1788791072820,9.533446304441437,14.814444714643825,3.093480348587036,-1.907055760765779,21.711036431270127,225.2242145143689,226.04336034848737,1831.1795510272325,1860.0,0.7590822425367318,0.884913569310007
1788791073109,6.656020757720227,15.67956518939161,-3.0382132530212402,8.873879529234644,16.248315586892357,214.7877195178714,213.42626294180388,1834.5886810951438,1860.0,0.7468190548972745,0.8895682502743436
1788791073378,10.449300450602856,16.53989536555733,-3.059171676635742,30.92758561760104,22.813287974472694,222.65582884917347,221.6635628698652,1909.714750356803,1880.0,0.8015560179564984,0.8832140858588946
1788791073653,18.855155884750246,18.711243877260706,-3.048344135284424,49.5139350730486,24.341957714853514,225.44127056689118,224.8805247506269,2013.7988004977929,1880.0,1.0,0.865271532289404
1788791073914,30.502821554349165,19.65133186400406,-3.038869857788086,70.15019432647819,22.237137539577745,233.61006714409464,231.36348590188027,2039.9206900623528,1920.0,1.0,0.838028387332976
1788791074184,45.052144208292326,19.489927517147514,-3.026319980621338,84.42168230962011,17.94237396979261,239.99107829496324,239.9745188149866,1955.2639135484858,1980.0,0.789023702371123,0.8066964755604438
1788791074466,59.15965643454725,18.805385799858513,-3.0054848194122314,90.56625801188173,19.036436353771215,240.95978329308218,243.0161354286181,1955.762164679699,1860.0,0.8390250839955329,0.7793284247138199
1788791074712,61.1677947757751,18.021060012456942,-2.8505563735961914,52.42796159736669,15.83435269129067,218.22065389767803,219.50925079048736,1998.4032547492193,1740.0,1.0,0.7720500473828493
1788791074990,58.22797640102116,17.075022299458663,-2.841315269470215,63.42132849108165,18.71923645468545,219.00115660576648,219.4395338319494,1994.2907815917886,1680.0,1.0,0.780164378664733
1788791075254,60.836902528297244,17.81150157057394,-2.8463637828826904,66.43087066775358,19.23543873832027,221.89105612824045,222.32513772305143,2041.1112718902032,1760.0,1.0,0.7741254269573403
1788791075515,61.00887749138779,17.880341537355438,-2.8443193435668945,62.92069833323085,18.354449785320817,220.69927619036878,220.63998661084423,1997.7533445512452,1840.0,1.0,0.7733742149261491
1788791075778,60.987222025713585,17.871079332246556,-2.8439528942108154,63.00814082746224,18.70699963426769,220.76281983910346,220.77014961072388,2001.9173305980275,1920.0,0.9137684778726383,0.7734520140668113
1788791076021,60.98639540784941,17.86834957092766,-2.8436055183410645,62.98113649947965,18.619347438755334,220.92947627668627,221.06827329181485,2002.7320403081033,2000.0,0.8356391323045337,0.773460800393744
1788791076283,60.98678949311024,17.869691623477486,-2.8437752723693848,62.835240839505715,18.136249294231806,220.9145523762977,221.03035879347476,2002.64249317727,2020.0,0.8154110216280727,0.7734596187813527
1788791076569,60.97701425627461,17.863806777113066,-2.8430850505828857,62.459677793457345,18.5391785388047,220.66628647016063,220.47383464432073,2005.410259200582,2040.0,0.7969439936796152,0.7734932353468341
1788791076836,60.97043014886811,17.86275428111159,-2.8438029289245605,62.86982952865717,18.29769633395542,220.6544235145671,220.67626496313483,2001.421443128764,2040.0,0.7931246773746359,0.773500670351335
1788791077109,60.965460829847444,17.857632374200296,-2.8432979583740234,62.95070977242852,18.57848639539311,220.66027664823298,220.88656213145498,2001.5294200076526,2040.0,0.7944430427239251,0.773514536386186
